
INSERT INTO catcafe.dbo.MemberSignup VALUES('Telisha','Stroud','3854786148','7447 S Buckeye Way','Salt Lake City','Utah','84107')
INSERT INTO catcafe.dbo.MemberSignup VALUES('Jimy','Starr','3855857677','1439 S Tupelo','Whiterocks','Utah','84085')
INSERT INTO catcafe.dbo.MemberSignup VALUES('Kumar','Woodruff','4351214011','8174 S California','Bluebell','Utah','84007')
INSERT INTO catcafe.dbo.MemberSignup VALUES('Deeana','Austin','4352652635','8945 E Cottonwood','West Valley City','Utah','84119')
INSERT INTO catcafe.dbo.MemberSignup VALUES('Sherese','Kirby','8014805732','6825 W Parleys Ave','Salt Lake City','Utah','84141')
INSERT INTO catcafe.dbo.MemberSignup VALUES('Cheston','Dunn','8017063557','4026 E Texas','Beaver','Utah','84713')
INSERT INTO catcafe.dbo.MemberSignup VALUES('Mikey','Upchurch','8018826271','2240 S State','Moab','Utah','84532')
INSERT INTO catcafe.dbo.MemberSignup VALUES('Shardey','Fitzpatrick','4355892430','8258 W Persimmon','South Jordan','Utah','84095')
INSERT INTO catcafe.dbo.MemberSignup VALUES('Rachiel','Creech','3853494600','7500 S Big','Loa','Utah','84747')
INSERT INTO catcafe.dbo.MemberSignup VALUES('Louis','Dean','8019145852','2139 N Cedar','Provo','Utah','84606')
INSERT INTO catcafe.dbo.MemberSignup VALUES('Pegah','Hawley','3859686567','6639 E Jefferson Blvd','Heber City','Utah','84032')
INSERT INTO catcafe.dbo.MemberSignup VALUES('Chasta','Decker','4358983763','5921 S Dogwood Ave','Honeyville','Utah','84314')
INSERT INTO catcafe.dbo.MemberSignup VALUES('Tiffiny','McFarland','8015351895','8588 W Torreya Way','Ogden','Utah','84201')
INSERT INTO catcafe.dbo.MemberSignup VALUES('Mahealani','Ford','8012178048','8523 N Cottonwood Ave','Fort Duchesne','Utah','84026')
INSERT INTO catcafe.dbo.MemberSignup VALUES('Dammon','Flynn','4351765691','8715 W Temple St','Salt Lake City','Utah','84112')
INSERT INTO catcafe.dbo.MemberSignup VALUES('Tomislav','Gilliam','8019232186','7983 E Texas St','Smithfield','Utah','84335')
INSERT INTO catcafe.dbo.MemberSignup VALUES('Kolton','York','8018079799','1169 E Canyon St','Price','Utah','84501')
INSERT INTO catcafe.dbo.MemberSignup VALUES('Shiloh','Lowry','4357869446','3367 E State Dr','Hurricane','Utah','84737')
INSERT INTO catcafe.dbo.MemberSignup VALUES('Elwin','Joyner','3857275370','8308 S Palm','Salt Lake City','Utah','84199')
INSERT INTO catcafe.dbo.MemberSignup VALUES('Shawntez','Gorman','8016464060','4825 W Buckeye Ave','Fort Duchesne','Utah','84026')
INSERT INTO catcafe.dbo.MemberSignup VALUES('Lorenzo','Thomson','4357569327','3922 W Jefferson Ave','Morgan','Utah','84050')
INSERT INTO catcafe.dbo.MemberSignup VALUES('Karolyn','Carver','8012006364','291 W Juniper','Ogden','Utah','84401')
INSERT INTO catcafe.dbo.MemberSignup VALUES('Andren','Sherrill','3858336411','287 N Temple Way','Fort Duchesne','Utah','84026')
INSERT INTO catcafe.dbo.MemberSignup VALUES('Tell','Roberts','4359529302','2129 E Dogwood Dr','Loa','Utah','84747')
INSERT INTO catcafe.dbo.MemberSignup VALUES('Renetta','Lee','3854005892','8643 W Temple Blvd','Hyrum','Utah','84319')
INSERT INTO catcafe.dbo.MemberSignup VALUES('Deundra','Bowman','8011534021','2665 W Myrtle Blvd','Smithfield','Utah','84335')
INSERT INTO catcafe.dbo.MemberSignup VALUES('Brytney','Stevenson','8013695489','5822 E Sumac','Midvale','Utah','84047')
INSERT INTO catcafe.dbo.MemberSignup VALUES('Kandra','Grant','8019619920','8748 N Elder Way','Ogden','Utah','84408')
INSERT INTO catcafe.dbo.MemberSignup VALUES('Hannibal','Jensen','3852533541','4648 W Beech','Ogden','Utah','84408')
INSERT INTO catcafe.dbo.MemberSignup VALUES('Gladis','Wright','8012142136','2780 N Temple Cir','Grantsville','Utah','84029')
INSERT INTO catcafe.dbo.MemberSignup VALUES('Lauren','Weber','4355201679','5684 N Parleys Dr','Orem','Utah','84057')
INSERT INTO catcafe.dbo.MemberSignup VALUES('Weslie','Franklin','8013076892','1254 S Hawthorn','Jensen','Utah','84035')
INSERT INTO catcafe.dbo.MemberSignup VALUES('Malari','Lowry','4359776859','5104 S Palm Ave','South Jordan','Utah','84095')
INSERT INTO catcafe.dbo.MemberSignup VALUES('Yechiel','Rankin','8011614509','747 E Dr Way','Ogden','Utah','84407')
INSERT INTO catcafe.dbo.MemberSignup VALUES('Mithcell','Peck','8013518728','1148 S Main','Trenton','Utah','84338')
INSERT INTO catcafe.dbo.MemberSignup VALUES('Tomasa','Bowman','4351068514','3954 N Blvd','Park City','Utah','84098')
INSERT INTO catcafe.dbo.MemberSignup VALUES('Quenton','Roberson','8013241083','7348 S Cucumber','Vernal','Utah','84078')
INSERT INTO catcafe.dbo.MemberSignup VALUES('Lashayla','Burke','8011489710','644 N Dr Ave','Salt Lake City','Utah','84124')
INSERT INTO catcafe.dbo.MemberSignup VALUES('Ludivina','Conway','8014101213','4543 E Temple Dr','Kaysville','Utah','84037')
INSERT INTO catcafe.dbo.MemberSignup VALUES('Tirzah','Mayo','4351721267','318 W Holly','Salt Lake City','Utah','84108')
INSERT INTO catcafe.dbo.MemberSignup VALUES('Albany','Simon','4359365196','5975 E Balsam','Paradise','Utah','84328')
INSERT INTO catcafe.dbo.MemberSignup VALUES('Rajiv','Cates','4353798309','3017 E State','Blanding','Utah','84511')
INSERT INTO catcafe.dbo.MemberSignup VALUES('Haris','Beasley','3854136771','2911 S Temple','Kamas','Utah','84036')
INSERT INTO catcafe.dbo.MemberSignup VALUES('Reshard','Cameron','8018929523','8819 N Temple Way','Helper','Utah','84526')
INSERT INTO catcafe.dbo.MemberSignup VALUES('Whitnie','Holland','8016936271','2702 W Cottonwood Cir','Garrison','Utah','84728')
INSERT INTO catcafe.dbo.MemberSignup VALUES('Celestina','Faircloth','4354681565','8637 W Yew','Ogden','Utah','84244')
INSERT INTO catcafe.dbo.MemberSignup VALUES('Lindse','Pratt','3858624264','7128 N Orange Cir','Heber City','Utah','84032')
INSERT INTO catcafe.dbo.MemberSignup VALUES('Valeriano','Wyatt','4351677624','8911 W Acacia Blvd','Vernal','Utah','84078')
INSERT INTO catcafe.dbo.MemberSignup VALUES('Niles','Herring','3858882568','1214 S Cork','Thompson','Utah','84540')
INSERT INTO catcafe.dbo.MemberSignup VALUES('Eisha','Robbins','8018448168','1104 W Parleys','Fielding','Utah','84311')
INSERT INTO catcafe.dbo.MemberSignup VALUES('Beverley','Ashley','4356009879','3546 S Sycamore Ave','Salina','Utah','84654')
INSERT INTO catcafe.dbo.MemberSignup VALUES('Darick','Pitts','3856525313','3079 E Beech Ave','Trenton','Utah','84338')
INSERT INTO catcafe.dbo.MemberSignup VALUES('Tinisha','Xu','4352465226','6753 N Temple Dr','Provo','Utah','84604')
INSERT INTO catcafe.dbo.MemberSignup VALUES('Nichalos','Rouse','8014945949','6635 E Buckeye Blvd','Elsinore','Utah','84724')
INSERT INTO catcafe.dbo.MemberSignup VALUES('Kayanna','Choi','4353311138','6970 W Willow','Ogden','Utah','84404')
INSERT INTO catcafe.dbo.MemberSignup VALUES('Salvadore','Alexander','8013455476','4316 E Pomegranate Dr','Morgan','Utah','84050')
INSERT INTO catcafe.dbo.MemberSignup VALUES('Jazmaine','Walsh','8014492139','4743 S Canyon','Neola','Utah','84053')
INSERT INTO catcafe.dbo.MemberSignup VALUES('Britton','Lucas','8018582813','1910 W Canyon','Fort Duchesne','Utah','84026')
INSERT INTO catcafe.dbo.MemberSignup VALUES('Candia','Thornton','4359257665','7714 W Highland Blvd','Layton','Utah','84041')
INSERT INTO catcafe.dbo.MemberSignup VALUES('Yusuf','Pittman','8011939144','7388 S Wasatch Dr','Cedar Valley','Utah','84013')
INSERT INTO catcafe.dbo.MemberSignup VALUES('Taura','Robbins','4358812421','7105 N Larch','Blanding','Utah','84511')
INSERT INTO catcafe.dbo.MemberSignup VALUES('Squire','Yang','3858493875','7954 W Cottonwood Cir','Green River','Utah','84525')
INSERT INTO catcafe.dbo.MemberSignup VALUES('Shawntaya','Golden','3853549496','1667 W Lime Ave','South Jordan','Utah','84095')
INSERT INTO catcafe.dbo.MemberSignup VALUES('Kodie','Burch','3851458476','7689 N Pear','Salt Lake City','Utah','84150')
INSERT INTO catcafe.dbo.MemberSignup VALUES('Claressa','Wong','4359423818','1334 S Little','West Valley City','Utah','84119')
INSERT INTO catcafe.dbo.MemberSignup VALUES('Seth','Beard','3854321045','2625 S Parleys Dr','Dugway','Utah','84022')
INSERT INTO catcafe.dbo.MemberSignup VALUES('Shomari','Alexander','4359067197','5720 S Hemlock St','Elmo','Utah','84521')
INSERT INTO catcafe.dbo.MemberSignup VALUES('Oakley','Cook','3858592620','3751 S Little Dr','Fillmore','Utah','84631')
INSERT INTO catcafe.dbo.MemberSignup VALUES('Sanuel','Meyer','3858139172','6125 E Big','Wendover','Utah','84083')
INSERT INTO catcafe.dbo.MemberSignup VALUES('Lawanna','Coleman','3854928984','6629 S Hornbean Cir','Salt Lake City','Utah','84101')
INSERT INTO catcafe.dbo.MemberSignup VALUES('Thor','Petersen','4357042896','4839 E Little Cir','Salt Lake City','Utah','84104')
INSERT INTO catcafe.dbo.MemberSignup VALUES('Secilia','Jacobson','3851078131','3461 S Wasatch Cir','West Jordan','Utah','84084')
INSERT INTO catcafe.dbo.MemberSignup VALUES('Dondi','Fletcher','3852777824','2580 E Little Dr','Mendon','Utah','84325')
INSERT INTO catcafe.dbo.MemberSignup VALUES('Sharra','Curry','4353166128','6382 N Texas','Riverton','Utah','84065')
INSERT INTO catcafe.dbo.MemberSignup VALUES('Chasidi','Robbins','3853564288','7058 E Elm','Salt Lake City','Utah','84107')
INSERT INTO catcafe.dbo.MemberSignup VALUES('Peri','McCormick','3855565231','4385 N Sassafras Ave','Wellsville','Utah','84339')
INSERT INTO catcafe.dbo.MemberSignup VALUES('Valynn','Best','8014269435','8334 E Little','Richfield','Utah','84701')
INSERT INTO catcafe.dbo.MemberSignup VALUES('Khalil','Woods','3851949128','7594 S Piã±on Cir','Ogden','Utah','84244')
INSERT INTO catcafe.dbo.MemberSignup VALUES('Djuan','Sanchez','8011264773','3957 S Fir Dr','Elsinore','Utah','84724')
INSERT INTO catcafe.dbo.MemberSignup VALUES('Lauria','Moran','4357706641','195 W Madrone Cir','Trenton','Utah','84338')
INSERT INTO catcafe.dbo.MemberSignup VALUES('Anela','Harper','3855823517','7639 E Tupelo Way','West Valley City','Utah','84119')
INSERT INTO catcafe.dbo.MemberSignup VALUES('Lanora','Lindsay','3858432854','4739 N State','Snowville','Utah','84336')
INSERT INTO catcafe.dbo.MemberSignup VALUES('Glenisha','Brewer','8016843440','1067 W Guava Cir','Bountiful','Utah','84010')
INSERT INTO catcafe.dbo.MemberSignup VALUES('Danette','Mangum','8014856393','2734 E Laurel','Salt Lake City','Utah','84150')
INSERT INTO catcafe.dbo.MemberSignup VALUES('Uzma','Baldwin','4357315907','3399 N Avocado Cir','Fillmore','Utah','84631')
INSERT INTO catcafe.dbo.MemberSignup VALUES('Wacey','Newell','3856768306','5418 S Torreya Cir','Salt Lake City','Utah','84134')
INSERT INTO catcafe.dbo.MemberSignup VALUES('Lucianna','Kramer','3859372675','2053 E West Blvd','Ogden','Utah','84405')
INSERT INTO catcafe.dbo.MemberSignup VALUES('Kellisha','Roth','3853888822','1962 W California Dr','Draper','Utah','84020')
INSERT INTO catcafe.dbo.MemberSignup VALUES('Arlee','Hines','4351076163','1065 W Locust','Park Valley','Utah','84329')
INSERT INTO catcafe.dbo.MemberSignup VALUES('Jaira','Xu','4356943953','6284 S North St','Loa','Utah','84747')
INSERT INTO catcafe.dbo.MemberSignup VALUES('Katiann','Herring','8016181971','839 W Blackthorn','Fielding','Utah','84311')
INSERT INTO catcafe.dbo.MemberSignup VALUES('Sherwin','Weeks','4359438777','6264 W Cottonwood','Saint George','Utah','84770')
INSERT INTO catcafe.dbo.MemberSignup VALUES('Madina','Mitchell','8013386453','5769 W Sumac Way','Bountiful','Utah','84010')
INSERT INTO catcafe.dbo.MemberSignup VALUES('Camilla','Goldstein','3851101447','5576 N Larch Way','Fielding','Utah','84311')
INSERT INTO catcafe.dbo.MemberSignup VALUES('Neeraj','Fuller','8014989660','7961 E Avocado Cir','Hyrum','Utah','84319')
INSERT INTO catcafe.dbo.MemberSignup VALUES('Breanda','Lancaster','3857608481','8536 N Hophornbean Blvd','Salt Lake City','Utah','84143')
INSERT INTO catcafe.dbo.MemberSignup VALUES('Delayna','Kenney','4359645543','2029 E California St','Draper','Utah','84020')
INSERT INTO catcafe.dbo.MemberSignup VALUES('Mitchell','Bartlett','8017302821','7502 N Ash Blvd','Snowville','Utah','84336')
INSERT INTO catcafe.dbo.MemberSignup VALUES('Raheen','Lynch','4358834387','603 E Jacaranda Way','Tabiona','Utah','84072')
INSERT INTO catcafe.dbo.MemberSignup VALUES('Cain','Carver','8015154579','6066 W Main Ave','Salt Lake City','Utah','84114')
INSERT INTO catcafe.dbo.MemberSignup VALUES('Deann','Bradshaw','3853449358','6682 W Poplar','Provo','Utah','84601')
INSERT INTO catcafe.dbo.MemberSignup VALUES('Quintella','White','8012835714','7723 S Parleys Dr','Morgan','Utah','84050')
INSERT INTO catcafe.dbo.MemberSignup VALUES('Zakiyah','Bartlett','8011603844','6309 S Nutmeg Ave','Salt Lake City','Utah','84184')
INSERT INTO catcafe.dbo.MemberSignup VALUES('Galina','Cole','3853469834','1798 S Washington','Kaysville','Utah','84037')
INSERT INTO catcafe.dbo.MemberSignup VALUES('Channie','Gupta','8017417093','2318 W Temple','Salt Lake City','Utah','84116')
INSERT INTO catcafe.dbo.MemberSignup VALUES('Mazin','Crabtree','3853738298','3393 W Baobab','Park City','Utah','84060')
INSERT INTO catcafe.dbo.MemberSignup VALUES('Hafsa','Dale','4357485527','1868 N Orange','Ogden','Utah','84414')
INSERT INTO catcafe.dbo.MemberSignup VALUES('Cherissa','Avery','4359091844','2159 N Palm Blvd','Salt Lake City','Utah','84111')
INSERT INTO catcafe.dbo.MemberSignup VALUES('Cedric','Barton','8017397078','2464 N Bay','Spanish Fork','Utah','84660')
INSERT INTO catcafe.dbo.MemberSignup VALUES('Khai','Benton','3857766782','5132 N Jefferson','Bluebell','Utah','84007')
INSERT INTO catcafe.dbo.MemberSignup VALUES('Caterina','Whitfield','4357858921','8447 W Holly Ave','Ogden','Utah','84201')
INSERT INTO catcafe.dbo.MemberSignup VALUES('Stevette','Dickens','8013284052','8940 W Little St','Sandy','Utah','84093')
INSERT INTO catcafe.dbo.MemberSignup VALUES('Kaitlyn','Raynor','8011942382','4511 W Temple Dr','Santaquin','Utah','84655')
INSERT INTO catcafe.dbo.MemberSignup VALUES('Sanam','Lane','8013914406','5140 W Tamarind','Sandy','Utah','84070')
INSERT INTO catcafe.dbo.MemberSignup VALUES('Joycelynn','Holland','4356933941','8714 E Alder Ave','Salt Lake City','Utah','84109')
INSERT INTO catcafe.dbo.MemberSignup VALUES('Morrisa','Kenney','4358409285','1203 E Canyon Cir','Eden','Utah','84310')
INSERT INTO catcafe.dbo.MemberSignup VALUES('Katiejo','Law','3857431687','8472 E Washington Way','Lewiston','Utah','84320')
INSERT INTO catcafe.dbo.MemberSignup VALUES('Edan','Vogel','4355522403','7058 E Jefferson Blvd','Neola','Utah','84053')
INSERT INTO catcafe.dbo.MemberSignup VALUES('Yuvia','Kramer','3858136845','6030 S Texas','Salt Lake City','Utah','84148')
INSERT INTO catcafe.dbo.MemberSignup VALUES('Katiann','Gold','8015583183','7836 E Parleys Blvd','West Jordan','Utah','84081')
INSERT INTO catcafe.dbo.MemberSignup VALUES('Odyssey','Moran','4353867588','2442 E Big Blvd','Spanish Fork','Utah','84660')
INSERT INTO catcafe.dbo.MemberSignup VALUES('Mckell','Davidson','4353436638','7794 E Parleys Way','Salt Lake City','Utah','84143')
INSERT INTO catcafe.dbo.MemberSignup VALUES('Lashea','Gupta','4352181412','6390 E Blackthorn Cir','Park City','Utah','84060')
INSERT INTO catcafe.dbo.MemberSignup VALUES('Shandria','Harrell','3853878117','4914 W Sassafras Cir','Sandy','Utah','84093')
INSERT INTO catcafe.dbo.MemberSignup VALUES('Cathryne','Shaw','4354222681','1517 E Sequoia','American Fork','Utah','84003')
INSERT INTO catcafe.dbo.MemberSignup VALUES('Arianne','Craig','8011422313','2572 E Tamarind St','Richmond','Utah','84333')
INSERT INTO catcafe.dbo.MemberSignup VALUES('Taeisha','McNamara','3858926490','1208 N Blvd','Draper','Utah','84020')
INSERT INTO catcafe.dbo.MemberSignup VALUES('Gisel','Short','3853137295','3479 E Temple','Ogden','Utah','84401')
INSERT INTO catcafe.dbo.MemberSignup VALUES('Kavon','Lopez','3852206622','474 W Acacia Blvd','Draper','Utah','84020')
INSERT INTO catcafe.dbo.MemberSignup VALUES('Chad','Barefoot','3852627762','6082 S Main Dr','Kaysville','Utah','84037')
INSERT INTO catcafe.dbo.MemberSignup VALUES('Bobak','Garner','3856352538','2334 S Highland','Nephi','Utah','84648')
INSERT INTO catcafe.dbo.MemberSignup VALUES('Demarcus','Creech','3858644547','3714 N Yew Way','Garden City','Utah','84028')
INSERT INTO catcafe.dbo.MemberSignup VALUES('Shiron','Carpenter','8013685329','7056 E Parleys','Eagle Mountain','Utah','84005')
INSERT INTO catcafe.dbo.MemberSignup VALUES('Nakieta','Benson','4357401444','6051 E North Dr','Logan','Utah','84341')
INSERT INTO catcafe.dbo.MemberSignup VALUES('Michea','Britt','8019937609','5987 E Holly','Paradise','Utah','84328')
INSERT INTO catcafe.dbo.MemberSignup VALUES('Arnisha','Song','3855267319','8366 S Dr Cir','Ogden','Utah','84405')
INSERT INTO catcafe.dbo.MemberSignup VALUES('Chasta','Maynard','3852318435','3092 N Parleys Blvd','Wellington','Utah','84542')
INSERT INTO catcafe.dbo.MemberSignup VALUES('Kashawn','Fletcher','8013005590','2788 N Blackthorn','Ogden','Utah','84401')
INSERT INTO catcafe.dbo.MemberSignup VALUES('Peggy','Wang','4352673234','6241 N Temple Dr','Santa Clara','Utah','84765')
INSERT INTO catcafe.dbo.MemberSignup VALUES('Latorria','Carson','8013263620','7863 W Cottonwood Dr','Ogden','Utah','84408')
INSERT INTO catcafe.dbo.MemberSignup VALUES('Roderick','Morse','8014384275','8840 S Washington Blvd','Riverton','Utah','84065')
INSERT INTO catcafe.dbo.MemberSignup VALUES('Elysse','Cherry','8017474491','2066 W Orange Dr','East Carbon','Utah','84520')
INSERT INTO catcafe.dbo.MemberSignup VALUES('Markisha','Craig','3858783996','4636 N State','Ogden','Utah','84405')
INSERT INTO catcafe.dbo.MemberSignup VALUES('Latasha','Boyle','8012113621','5279 N Lime','West Jordan','Utah','84084')
INSERT INTO catcafe.dbo.MemberSignup VALUES('Nikkie','Wright','8011363552','6896 S West','Ogden','Utah','84401')
INSERT INTO catcafe.dbo.MemberSignup VALUES('Errin','Goldman','3853732233','3931 E Cottonwood','Salt Lake City','Utah','84138')
INSERT INTO catcafe.dbo.MemberSignup VALUES('Wright','Boyd','4359304489','401 S Temple','Orem','Utah','84058')
INSERT INTO catcafe.dbo.MemberSignup VALUES('Juliette','Knox','8012046304','5775 E Oak Way','Saratoga Springs','Utah','84045')
INSERT INTO catcafe.dbo.MemberSignup VALUES('Dequarius','Dean','8015674843','9 N Arborvitae Way','Salt Lake City','Utah','84129')
INSERT INTO catcafe.dbo.MemberSignup VALUES('Laronda','Li','8013297754','8670 N West Dr','Washington','Utah','84780')

INSERT INTO catcafe.dbo.Employee VALUES('Jeri','Field','2640 S Bamboo Way','Elmo','Utah','84521','8019316161','Restaurant Manager',1,0,0,29) -- manager
INSERT INTO catcafe.dbo.Employee VALUES('Charlotte','Lynn','6235 E California','Mona','Utah','84645','8016145395','Barista',0,0,5,19)
INSERT INTO catcafe.dbo.Employee VALUES('Jessice','Nichols','5451 N Blvd','Kanab','Utah','84741','4355746385','Adoptions volunteer',0,1,0,0)
INSERT INTO catcafe.dbo.Employee VALUES('Sabas','Savage','3858 N Temple St','Ogden','Utah','84414','4355822247','Barista',0,0,15,14)
INSERT INTO catcafe.dbo.Employee VALUES('Cam','Short','6308 S Hawthorn Way','Moab','Utah','84532','4359789550','Adoptions Manager',1,0,0,3) -- manager
INSERT INTO catcafe.dbo.Employee VALUES('Daphane','Creech','2276 W Buckeye','Blanding','Utah','84511','4359151695','Barista',0,0,9,9)
INSERT INTO catcafe.dbo.Employee VALUES('Maron','Owens','8818 S Wasatch','Cedar Valley','Utah','84013','3856735191','Adoptions volunteer',0,1,0,0)
INSERT INTO catcafe.dbo.Employee VALUES('Carola','Doyle','4203 S Birch','Provo','Utah','84604','3852753025','Adoptions volunteer',0,1,0,0)
INSERT INTO catcafe.dbo.Employee VALUES('Gypsy','Currin','6780 N Cherry Cir','Salt Lake City','Utah','84115','3851164431','Adoptions volunteer',0,1,0,0)
INSERT INTO catcafe.dbo.Employee VALUES('Preeti','Connolly','2453 W Jefferson','Eden','Utah','84310','3852237391','Adoptions clerk',0,0,10,10)
INSERT INTO catcafe.dbo.Employee VALUES('Shirin','Rankin','5419 S Cork','Myton','Utah','84052','8016343587','Adoptions volunteer',0,1,0,0)
INSERT INTO catcafe.dbo.Employee VALUES('Arly','Parrish','2152 W Canyon','Midvale','Utah','84047','8014458547','Adoptions clerk',0,0,9,15)
INSERT INTO catcafe.dbo.Employee VALUES('Oriana','Ryan','6427 S Fir','La Verkin','Utah','84745','3857401698','Barista',0,0,9,27)
INSERT INTO catcafe.dbo.Employee VALUES('Latresha','Pollard','4479 S Parleys Ave','Layton','Utah','84041','4358238552','Barista',0,0,6,24)
INSERT INTO catcafe.dbo.Employee VALUES('Tasheena','Clark','158 S Parleys Ave','Fairview','Utah','84629','8017236366','Barista',0,0,2,13)

INSERT INTO catcafe.dbo.Schedule VALUES(100,'Cafe','STWTHS')
INSERT INTO catcafe.dbo.Schedule VALUES(110,'Cafe','SWFS')
INSERT INTO catcafe.dbo.Schedule VALUES(120,'Adoptions','M')
INSERT INTO catcafe.dbo.Schedule VALUES(130,'Cafe','WF')
INSERT INTO catcafe.dbo.Schedule VALUES(140,'Adoptions','SMTW')
INSERT INTO catcafe.dbo.Schedule VALUES(150,'Cafe','SMTWTHFS')
INSERT INTO catcafe.dbo.Schedule VALUES(160,'Adoptions','MFS')
INSERT INTO catcafe.dbo.Schedule VALUES(170,'Adoptions','STTHS')
INSERT INTO catcafe.dbo.Schedule VALUES(180,'Adoptions','MWF')
INSERT INTO catcafe.dbo.Schedule VALUES(190,'Adoptions','SS')
INSERT INTO catcafe.dbo.Schedule VALUES(200,'Adoptions','TWTH')
INSERT INTO catcafe.dbo.Schedule VALUES(210,'Adoptions','SMT')
INSERT INTO catcafe.dbo.Schedule VALUES(220,'Cafe','SMTWTHFS')
INSERT INTO catcafe.dbo.Schedule VALUES(230,'Cafe','SMTWTHFS')
INSERT INTO catcafe.dbo.Schedule VALUES(240,'Cafe','STTHS')

INSERT INTO catcafe.dbo.Employee_pay VALUES(100,25,14000,50,6.2, 4.95)
INSERT INTO catcafe.dbo.Employee_pay VALUES(110,17,7616,25,6.2,4.95)
INSERT INTO catcafe.dbo.Employee_pay VALUES(130,25,7616,50,6.2,4.95)
INSERT INTO catcafe.dbo.Employee_pay VALUES(140,17,14000,50,6.2, 4.95)
INSERT INTO catcafe.dbo.Employee_pay VALUES(150,17,2720,20,6.2,4.95)
INSERT INTO catcafe.dbo.Employee_pay VALUES(190,17,544,25,6.2,4.95)
INSERT INTO catcafe.dbo.Employee_pay VALUES(210,17,7616,25,6.2,4.95)
INSERT INTO catcafe.dbo.Employee_pay VALUES(220,17,7616,25,6.2,4.95)
INSERT INTO catcafe.dbo.Employee_pay VALUES(230,17,5440,25,6.2,4.95)
INSERT INTO catcafe.dbo.Employee_pay VALUES(240,17,7616,25,6.2,4.95)

INSERT INTO catcafe.dbo.Veterenarians VALUES(1,'Nakeshia','Dennis','3852618262')
INSERT INTO catcafe.dbo.Veterenarians VALUES(2,'Tasheema','Womble','3855042382')
INSERT INTO catcafe.dbo.Veterenarians VALUES(3,'Liana','Lin','4351099146')
INSERT INTO catcafe.dbo.Veterenarians VALUES(4,'Kendrick','Stern','4353213190')
INSERT INTO catcafe.dbo.Veterenarians VALUES(5,'Jasma','Roberts','3851417488')
INSERT INTO catcafe.dbo.Veterenarians VALUES(6,'Jacquelynn','Maynard','3859162052')
INSERT INTO catcafe.dbo.Veterenarians VALUES(7,'Jerilynn','Barber','8013969419')
INSERT INTO catcafe.dbo.Veterenarians VALUES(8,'Gerod','Mayo','4353612425')
INSERT INTO catcafe.dbo.Veterenarians VALUES(9,'Mateo','Parks','3855298935')
INSERT INTO catcafe.dbo.Veterenarians VALUES(10,'Riccardo','Alford','8014649552')

INSERT INTO catcafe.dbo.Cats VALUES(266, 'Biscuit', 'Bengal', 'Healthy', 8)
INSERT INTO catcafe.dbo.Cats VALUES(602, 'Mike Meowsky', 'Chantilly-Tiffan', 'Healthy', 1)
INSERT INTO catcafe.dbo.Cats VALUES(7934, 'Puss in Boots', 'Siamese', 'Healthy', 5)
INSERT INTO catcafe.dbo.Cats VALUES(126, 'Peter', 'Longhair', 'Healthy', 9)
INSERT INTO catcafe.dbo.Cats VALUES(28, 'Banana', 'Don', 'Healthy', 1)
INSERT INTO catcafe.dbo.Cats VALUES(8707, 'Beef', 'Dwarf cat', 'Healthy', 7)
INSERT INTO catcafe.dbo.Cats VALUES(6178, 'Fruit Rollup', 'Mau', 'Healthy', 7)
INSERT INTO catcafe.dbo.Cats VALUES(8, 'General Paws', 'Dragon', 'Needs dental work', 9)
INSERT INTO catcafe.dbo.Cats VALUES(9489, 'Noodle', 'Fold', 'Healthy', 4)
INSERT INTO catcafe.dbo.Cats VALUES(1664, 'Trashcan', 'Napoleon', 'Healthy', 7)
INSERT INTO catcafe.dbo.Cats VALUES(6520, 'Purrty Good', 'Black', 'Healthy', 1)
INSERT INTO catcafe.dbo.Cats VALUES(2292, 'Dobby', 'American', 'Healthy', 4)
INSERT INTO catcafe.dbo.Cats VALUES(883, 'Fuzzy', 'Himalayan', 'Healthy', 4)
INSERT INTO catcafe.dbo.Cats VALUES(4821, 'Capn Crunch', 'Nebelung', 'Healthy', 8)
INSERT INTO catcafe.dbo.Cats VALUES(5684, 'Reginald Pawsworth III', 'Li', 'Healthy', 6)
INSERT INTO catcafe.dbo.Cats VALUES(1243, 'Girthy Gertrude', 'Fold', 'Healthy', 4)
INSERT INTO catcafe.dbo.Cats VALUES(5750, 'Meowry', 'American', 'Needs dental work', 1)
INSERT INTO catcafe.dbo.Cats VALUES(7290, 'Peanut', 'Serrade', 'FIV Positive, special diet', 1)
INSERT INTO catcafe.dbo.Cats VALUES(4446, 'Princess Whiskers', 'Bombay', 'Healthy', 10)
INSERT INTO catcafe.dbo.Cats VALUES(6683, 'Donut', 'Angora', 'Healthy', 7)
INSERT INTO catcafe.dbo.Cats VALUES(8101, 'Furnando', 'Asian', 'Healthy', 10)
INSERT INTO catcafe.dbo.Cats VALUES(8963, 'Santa Claws', 'Abyssinan', 'Healthy', 4)
INSERT INTO catcafe.dbo.Cats VALUES(8789, 'Sushi', 'Napoleon', 'Healthy', 1)
INSERT INTO catcafe.dbo.Cats VALUES(7566, 'Dionysus', 'Dwarf', 'Healthy', 3)
INSERT INTO catcafe.dbo.Cats VALUES(2616, 'Pickle', 'Lilac', 'Healthy', 5)
INSERT INTO catcafe.dbo.Cats VALUES(9040, 'Joe DiMewogio', 'Sawe', 'Needs dental work', 8)
INSERT INTO catcafe.dbo.Cats VALUES(6981, 'Mama Odie', 'Asian', 'FIV Positive, special diet', 5)
INSERT INTO catcafe.dbo.Cats VALUES(1735, 'Dutchess Persimmon', 'Pixie-bob', 'Healthy', 9)
INSERT INTO catcafe.dbo.Cats VALUES(3956, 'Ned Flanders', 'Asian', 'Healthy', 6)
INSERT INTO catcafe.dbo.Cats VALUES(55, 'Meowsef Stalin', 'Raas', 'Healthy', 5)
INSERT INTO catcafe.dbo.Cats VALUES(4097, 'Jerry', 'Javanese', 'Healthy', 2)
INSERT INTO catcafe.dbo.Cats VALUES(5755, 'Spoopy', 'Peterbald', 'Healthy', 9)
INSERT INTO catcafe.dbo.Cats VALUES(9633, 'Mariatcha', 'Somali', 'Healthy', 8)
INSERT INTO catcafe.dbo.Cats VALUES(4701, 'Matcha', 'Bobtail', 'Healthy', 6)
INSERT INTO catcafe.dbo.Cats VALUES(2195, 'Mocha', 'Thailand', 'Healthy', 9)
INSERT INTO catcafe.dbo.Cats VALUES(2939, 'SOY CALIENTE', 'Forest', 'Needs dental work', 3)
INSERT INTO catcafe.dbo.Cats VALUES(2148, 'übergewichtig', 'American', 'Obesity, Weight Loss diet needed', 1)
INSERT INTO catcafe.dbo.Cats VALUES(2449, 'Monsieur Pète Beaucoup', 'Brazilian', 'Healthy', 3)
INSERT INTO catcafe.dbo.Cats VALUES(4549, 'Charlie Chaplin', 'York', 'Healthy', 8)
INSERT INTO catcafe.dbo.Cats VALUES(5260, 'Dropbear', 'Australian Mist', 'Healthy', 5)
INSERT INTO catcafe.dbo.Cats VALUES(9104, 'Rapunzel', 'Longhair', 'FIV Positive, special diet', 1)
INSERT INTO catcafe.dbo.Cats VALUES(5152, 'Furman', 'Birman', 'Healthy', 3)
INSERT INTO catcafe.dbo.Cats VALUES(7721, 'Walter White', 'Shorthair', 'Healthy', 5)
INSERT INTO catcafe.dbo.Cats VALUES(4841, 'Childish', 'Bambino', 'Healthy', 2)
INSERT INTO catcafe.dbo.Cats VALUES(7366, 'Meep Meep', 'Asian', 'Spay/Neuter procedure done', 2)
INSERT INTO catcafe.dbo.Cats VALUES(7044, 'Flannigan', 'Thai', 'Spay/Neuter procedure done', 10)
INSERT INTO catcafe.dbo.Cats VALUES(2551, 'Miss Pitter Patter', 'American', 'Spay/Neuter procedure done', 10)
INSERT INTO catcafe.dbo.Cats VALUES(9006, 'Enzo', 'Maine', 'Spay/Neuter procedure done', 9)
INSERT INTO catcafe.dbo.Cats VALUES(5150, 'Daisy', 'Korn', 'Spay/Neuter procedure done', 2)
INSERT INTO catcafe.dbo.Cats VALUES(8356, 'DaBaby', 'Persian', 'Spay/Neuter procedure done', 5)
INSERT INTO catcafe.dbo.Cats VALUES(5305, 'Coco', 'Australian Mist', 'Spay/Neuter procedure done', 3)
INSERT INTO catcafe.dbo.Cats VALUES(920, 'Illuminati', 'Turkish Van', 'Spay/Neuter procedure done', 9)
INSERT INTO catcafe.dbo.Cats VALUES(1862, 'Jarvis', 'Bobtail', 'Healthy', 5)
INSERT INTO catcafe.dbo.Cats VALUES(3513, 'Miso', 'Lykoi', 'Healthy', 7)
INSERT INTO catcafe.dbo.Cats VALUES(5725, 'Flat Tire', 'American', 'Healthy', 7)
INSERT INTO catcafe.dbo.Cats VALUES(9166, 'Walnut', 'Nebelung', 'Healthy', 3)
INSERT INTO catcafe.dbo.Cats VALUES(9489, 'Waka Waka', 'Savannah', 'Healthy', 5)
INSERT INTO catcafe.dbo.Cats VALUES(8874, 'Coffee', 'Turkish', 'FIV Positive, special diet', 10)
INSERT INTO catcafe.dbo.Cats VALUES(2996, 'Porky Pig', 'Napoleon', 'Healthy', 5)
INSERT INTO catcafe.dbo.Cats VALUES(8025, 'Sphynx', 'or', 'Spay/Neuter procedure done', 6)
INSERT INTO catcafe.dbo.Cats VALUES(4791, 'Possum', 'Bombay', 'Spay/Neuter procedure done', 8)
INSERT INTO catcafe.dbo.Cats VALUES(532, 'Bobbi', 'York', 'Spay/Neuter procedure done', 6)
INSERT INTO catcafe.dbo.Cats VALUES(1976, 'Vodka', 'Shorthair', 'Spay/Neuter procedure done', 10)
INSERT INTO catcafe.dbo.Cats VALUES(9695, 'Margarine', 'and', 'Spay/Neuter procedure done', 5)
INSERT INTO catcafe.dbo.Cats VALUES(3656, 'Leek', 'Sokoke', 'Spay/Neuter procedure done', 8)
INSERT INTO catcafe.dbo.Cats VALUES(2415, 'Cat', 'Russian', 'Spay/Neuter procedure done', 2)
INSERT INTO catcafe.dbo.Cats VALUES(6347, 'Bombas Socks', 'Mekong', 'Healthy', 8)
INSERT INTO catcafe.dbo.Cats VALUES(893, 'Raid Shadow Legends', 'Korn', 'Healthy', 8)
INSERT INTO catcafe.dbo.Cats VALUES(1565, 'Cake', 'Maine', 'Healthy', 2)
INSERT INTO catcafe.dbo.Cats VALUES(982, 'Frosting', 'Bobtail', 'Healthy', 3)
INSERT INTO catcafe.dbo.Cats VALUES(2448, 'Little Bittle', 'Aegean', 'Healthy', 7)
INSERT INTO catcafe.dbo.Cats VALUES(9286, 'Frogs', 'Himalayan,', 'Healthy', 9)
INSERT INTO catcafe.dbo.Cats VALUES(4696, 'Karen', 'Thai', 'Healthy', 4)
INSERT INTO catcafe.dbo.Cats VALUES(3765, 'Harry Potta', 'Wirehair', 'Healthy', 6)
INSERT INTO catcafe.dbo.Cats VALUES(6164, 'Momster', 'Australian Mist', 'Spay/Neuter procedure done', 2)
INSERT INTO catcafe.dbo.Cats VALUES(8623, 'Ditch', 'Cornish', 'Spay/Neuter procedure done', 10)
INSERT INTO catcafe.dbo.Cats VALUES(8718, 'Garbo', 'American Shorthair', 'Obesity, Weight Loss diet needed', 9)
INSERT INTO catcafe.dbo.Cats VALUES(4607, 'Buster Keaton', 'British Longhair', 'Spay/Neuter procedure done', 3)
INSERT INTO catcafe.dbo.Cats VALUES(8981, 'Lichtenstein', 'Sawe', 'Spay/Neuter procedure done', 6)
INSERT INTO catcafe.dbo.Cats VALUES(4993, 'Shakira', 'British Shorthair', 'Spay/Neuter procedure done', 2)
INSERT INTO catcafe.dbo.Cats VALUES(8120, 'Barry Benson', 'Korat', 'Spay/Neuter procedure done', 7)
INSERT INTO catcafe.dbo.Cats VALUES(5692, 'Dwayne "The Cat" Johnson', 'Longhair', 'Healthy', 4)
INSERT INTO catcafe.dbo.Cats VALUES(7459, 'Chortle', 'Asian', 'Healthy', 4)
INSERT INTO catcafe.dbo.Cats VALUES(7635, 'Karen', 'Pixie-bob', 'Healthy', 6)
INSERT INTO catcafe.dbo.Cats VALUES(5720, 'Bibble', 'Kurilian Bobtail', 'Healthy', 5)
INSERT INTO catcafe.dbo.Cats VALUES(1690, 'Bumfuzzle', 'Thai', 'Healthy', 10)
INSERT INTO catcafe.dbo.Cats VALUES(4855, 'Tilly', 'Havana Brown', 'Spay/Neuter procedure done', 6)
INSERT INTO catcafe.dbo.Cats VALUES(4130, 'Chuck E Cheese', 'York', 'Spay/Neuter procedure done', 3)
INSERT INTO catcafe.dbo.Cats VALUES(7140, 'Red', 'Serrade', 'Spay/Neuter procedure done', 4)
INSERT INTO catcafe.dbo.Cats VALUES(5024, 'Bloo', 'Manx', 'Diabetes, low carb diet w/ insulin', 7)
INSERT INTO catcafe.dbo.Cats VALUES(5461, 'The Grinch', 'Siberian', 'Spay/Neuter procedure done', 5)
INSERT INTO catcafe.dbo.Cats VALUES(6567, 'Thing one', 'Aegean', 'Spay/Neuter procedure done', 3)
INSERT INTO catcafe.dbo.Cats VALUES(6292, 'Thing two', 'Bobtail', 'Healthy', 5)
INSERT INTO catcafe.dbo.Cats VALUES(7932, 'Kerfuffle', 'Levkoy', 'Healthy', 10)
INSERT INTO catcafe.dbo.Cats VALUES(8359, 'Cacophony', 'Singapura', 'Healthy', 1)
INSERT INTO catcafe.dbo.Cats VALUES(2683, 'Apestosa', 'Oriental', 'Healthy', 1)
INSERT INTO catcafe.dbo.Cats VALUES(9080, 'Colonel', 'Minskin', 'Healthy', 9)
INSERT INTO catcafe.dbo.Cats VALUES(8041, 'Teacup', 'Korn Ja', 'Healthy', 10)
INSERT INTO catcafe.dbo.Cats VALUES(7819, 'Punk', 'Wirehair', 'Healthy', 4)
INSERT INTO catcafe.dbo.Cats VALUES(3454, 'Gargle spout', 'Shorthair', 'Spay/Neuter procedure done', 5)
INSERT INTO catcafe.dbo.Cats VALUES(5057, 'Super cat', 'Oriental', 'Spay/Neuter procedure done', 3)
INSERT INTO catcafe.dbo.Cats VALUES(2816, 'Admiral', 'Chartreux', 'Spay/Neuter procedure done', 4)
INSERT INTO catcafe.dbo.Cats VALUES(7457, 'Enchilada', 'Mekong', 'Diabetes, low carb diet w/ insulin', 9)
INSERT INTO catcafe.dbo.Cats VALUES(5380, 'Fuzzers', 'Sokoke', 'Spay/Neuter procedure done', 10)
INSERT INTO catcafe.dbo.Cats VALUES(5206, 'Tuna', 'Fold', 'Spay/Neuter procedure done', 1)
INSERT INTO catcafe.dbo.Cats VALUES(4156, 'Fargo', 'Lykoi', 'Spay/Neuter procedure done', 6)
INSERT INTO catcafe.dbo.Cats VALUES(380, 'Gorgonzola', 'California Spangle', 'Spay/Neuter procedure done', 4)
INSERT INTO catcafe.dbo.Cats VALUES(854, 'Spokane', 'Sokoke', 'Treated for worms', 1)
INSERT INTO catcafe.dbo.Cats VALUES(8879, 'President Washington', 'Turkish', 'Treated for worms', 9)
INSERT INTO catcafe.dbo.Cats VALUES(1760, 'King Paw the IV', 'British Longhair', 'Treated for worms', 10)
INSERT INTO catcafe.dbo.Cats VALUES(6339, 'Queenie', 'Munchkin', 'Healthy', 6)
INSERT INTO catcafe.dbo.Cats VALUES(7083, 'Inigo Montoya', 'Arabian', 'Healthy', 6)
INSERT INTO catcafe.dbo.Cats VALUES(5277, 'Karen', 'Cymric', 'Healthy', 1)
INSERT INTO catcafe.dbo.Cats VALUES(9539, 'Dobby', 'British Shorthair', 'Healthy', 2)
INSERT INTO catcafe.dbo.Cats VALUES(4048, 'Cat Williams', 'Persian', 'Healthy', 6)
INSERT INTO catcafe.dbo.Cats VALUES(1580, 'John Cena', 'Ojos Azules', 'Diabetes, low carb diet w/ insulin', 8)
INSERT INTO catcafe.dbo.Cats VALUES(7408, 'Lemon', 'Havana Brown', 'Healthy', 10)
INSERT INTO catcafe.dbo.Cats VALUES(4755, 'Kali', 'Selkirk Rex', 'Healthy', 1)
INSERT INTO catcafe.dbo.Cats VALUES(7615, 'Cerces', 'Chausie', 'Healthy', 9)
INSERT INTO catcafe.dbo.Cats VALUES(3877, 'Jingle', 'Russian Blue', 'Treated for worms', 6)
INSERT INTO catcafe.dbo.Cats VALUES(3916, 'Jongle', 'Cyprus', 'Treated for worms', 3)
INSERT INTO catcafe.dbo.Cats VALUES(3977, 'Jangle', 'Ojos Azules', 'Treated for worms', 9)
INSERT INTO catcafe.dbo.Cats VALUES(9218, 'Santa', 'Thailand', 'Treated for worms', 6)
INSERT INTO catcafe.dbo.Cats VALUES(9473, 'Krampus', 'Australian Mist', 'Healthy', 1)
INSERT INTO catcafe.dbo.Cats VALUES(5248, 'Filet Mignon', 'Donskoy,', 'This cat smells really bad??', 4)
INSERT INTO catcafe.dbo.Cats VALUES(4015, 'Flaming Hot Cheetos', 'Cornish Rex', 'Healthy', 3)
INSERT INTO catcafe.dbo.Cats VALUES(4763, 'Mint Julip', 'Colorpoint Shorthair', 'Healthy', 5)
INSERT INTO catcafe.dbo.Cats VALUES(768, 'Joseph', 'Chantilly-Tiffan', 'Healthy', 5)
INSERT INTO catcafe.dbo.Cats VALUES(9551, 'Carl St. Meowington', 'Longhair', 'Broken bones found during intake', 7)
INSERT INTO catcafe.dbo.Cats VALUES(2639, 'Jesse', 'Siamese', 'Healthy', 10)
INSERT INTO catcafe.dbo.Cats VALUES(768, 'James', 'Aegean', 'Healthy', 3)
INSERT INTO catcafe.dbo.Cats VALUES(425, 'Meowth', 'American Longhair', 'Diabetes, low carb diet w/ insulin', 5)
INSERT INTO catcafe.dbo.Cats VALUES(4284, 'Noodle', 'American Semi-longhair', 'Healthy', 5)
INSERT INTO catcafe.dbo.Cats VALUES(6613, 'Porkie Pig', 'Siamese', 'Healthy', 8)
INSERT INTO catcafe.dbo.Cats VALUES(723, 'Jenga', 'Kurilian', 'Healthy', 9)
INSERT INTO catcafe.dbo.Cats VALUES(5061, 'Poggers', 'Ukranian Levkoy', 'Healthy', 3)
INSERT INTO catcafe.dbo.Cats VALUES(6932, 'Golf', 'Persian', 'Healthy', 9)
INSERT INTO catcafe.dbo.Cats VALUES(1304, 'Rocket', 'Fold', 'Broken bones found during intake', 10)
INSERT INTO catcafe.dbo.Cats VALUES(5392, 'Elvis', 'Cymric', 'Treated for worms', 4)
INSERT INTO catcafe.dbo.Cats VALUES(4192, 'Constance', 'Black', 'Treated for worms', 10)
INSERT INTO catcafe.dbo.Cats VALUES(245, 'Julius Caesar', 'Persian', 'Treated for worms', 9)
INSERT INTO catcafe.dbo.Cats VALUES(3425, 'George Cattington', 'Manx', 'Healthy', 6)
INSERT INTO catcafe.dbo.Cats VALUES(1439, 'Karen', 'Dwelf', 'Healthy', 7)
INSERT INTO catcafe.dbo.Cats VALUES(5525, 'Lemur', 'Burmese', 'Healthy', 6)
INSERT INTO catcafe.dbo.Cats VALUES(7681, 'Kelpsy', 'Ukranian Levkoy', 'Healthy', 1)
INSERT INTO catcafe.dbo.Cats VALUES(3595, 'Calipso', 'Thailand', 'Healthy', 4)
INSERT INTO catcafe.dbo.Cats VALUES(2251, 'Mute', 'Persian', 'Healthy', 5)
INSERT INTO catcafe.dbo.Cats VALUES(9875, 'Pawdme', 'Karelian', 'Healthy', 2)
INSERT INTO catcafe.dbo.Cats VALUES(6799, 'Meowda', 'Oriental', 'Healthy', 6)
INSERT INTO catcafe.dbo.Cats VALUES(7194, 'Obi Paw Kenobi', 'Balines', 'Healthy', 2)
INSERT INTO catcafe.dbo.Cats VALUES(6016, 'Dobby', 'Napoleon', 'Healthy', 7)
INSERT INTO catcafe.dbo.Cats VALUES(6398, 'Catdog', 'Persian', 'Healthy', 4)
INSERT INTO catcafe.dbo.Cats VALUES(5268, 'Berries and Cream', 'Persian', 'Diabetes, low carb diet w/ insulin', 1)
INSERT INTO catcafe.dbo.Cats VALUES(1881, 'Hodgkins', 'Norwegian Forest cat', 'Healthy', 2)
INSERT INTO catcafe.dbo.Cats VALUES(614, 'Cow', 'Asian', 'Healthy', 5)
INSERT INTO catcafe.dbo.Cats VALUES(7981, 'Rocky Meowboa', 'American Longhair', 'Healthy', 7)
INSERT INTO catcafe.dbo.Cats VALUES(2697, 'Spike', 'Black', 'Healthy', 2)
INSERT INTO catcafe.dbo.Cats VALUES(1976, 'Grand Wizard Salmon', 'Cymric,', 'Healthy', 6)
INSERT INTO catcafe.dbo.Cats VALUES(4029, 'Hagrid', 'Korean Bobtail', 'Healthy', 5)
INSERT INTO catcafe.dbo.Cats VALUES(9576, 'Handy Manny', 'Longhair', 'FLUTD, increase fluid intake and see vet again', 10)
INSERT INTO catcafe.dbo.Cats VALUES(997, 'Predro Pascal', 'Tonkinese', 'Healthy', 2)
INSERT INTO catcafe.dbo.Cats VALUES(4080, 'Sneak', 'American Curl', 'Healthy', 3)
INSERT INTO catcafe.dbo.Cats VALUES(9173, 'Pinata', 'Scottish Fold', 'Healthy', 9)
INSERT INTO catcafe.dbo.Cats VALUES(8136, 'Dutchess Biscuits of Cattingham', 'Maine Coon', 'Very bad anxiety, prescribed some anti-anxiety', 8)
INSERT INTO catcafe.dbo.Cats VALUES(5259, 'Serephina', 'Oriental', 'Very bad anxiety, prescribed some anti-anxiety', 4)
INSERT INTO catcafe.dbo.Cats VALUES(3628, 'Barbie', 'Korean Bobtail', 'Very bad anxiety, prescribed some anti-anxiety', 9)
INSERT INTO catcafe.dbo.Cats VALUES(9048, 'Fidel Catstro', 'Havana Brown', 'Very bad anxiety, prescribed some anti-anxiety', 10)
INSERT INTO catcafe.dbo.Cats VALUES(4631, 'Francois', 'Chartreux', 'Healthy', 9)
INSERT INTO catcafe.dbo.Cats VALUES(1089, 'Forrest Gump', 'Thai', 'Healthy', 7)
INSERT INTO catcafe.dbo.Cats VALUES(7531, 'Gumbo', 'Tabby', 'Healthy', 5)
INSERT INTO catcafe.dbo.Cats VALUES(7883, 'Shrimp', 'Burmese', 'Healthy', 2)
INSERT INTO catcafe.dbo.Cats VALUES(9775, 'Johnny Bravo', 'Angora', 'Healthy', 7)
INSERT INTO catcafe.dbo.Cats VALUES(6870, 'Dasher', 'Tuxedo', 'Excellent', 7)
INSERT INTO catcafe.dbo.Cats VALUES(8106, 'Ultra Karen', 'Oriental', 'Healthy', 3)
INSERT INTO catcafe.dbo.Cats VALUES(1463, 'Flora', 'Serengeti', 'Risk of obesity, monitor diet', 1)
INSERT INTO catcafe.dbo.Cats VALUES(8917, 'Ash Ketchum', 'Semi-longhair', 'FLUTD, increase fluid intake and see vet again', 10)
INSERT INTO catcafe.dbo.Cats VALUES(4732, 'Catsup', 'Egyptian', 'Risk of obesity, monitor diet', 4)
INSERT INTO catcafe.dbo.Cats VALUES(2793, 'Molasses', 'Javanese', 'Risk of obesity, monitor diet', 1)
INSERT INTO catcafe.dbo.Cats VALUES(1867, 'JoJo', 'British', 'Risk of obesity, monitor diet', 4)
INSERT INTO catcafe.dbo.Cats VALUES(7831, 'Dio', 'Tonkinese', 'Risk of obesity, monitor diet', 6)

INSERT INTO catcafe.dbo.Adoptions VALUES(10000,1000,210,4097,75,'2023-02-11')
INSERT INTO catcafe.dbo.Adoptions VALUES(10004,1001,210,5755,125,'2023-03-25')
INSERT INTO catcafe.dbo.Adoptions VALUES(10014,1002,210,9633,175,'2023-01-18')
INSERT INTO catcafe.dbo.Adoptions VALUES(10009,1003,210,4701,125,'2023-01-11')
INSERT INTO catcafe.dbo.Adoptions VALUES(10012,1004,140,2195,100,'2023-01-07')
INSERT INTO catcafe.dbo.Adoptions VALUES(10020,1005,140,2939,125,'2022-09-13')
INSERT INTO catcafe.dbo.Adoptions VALUES(10036,1006,210,2148,125,'2022-10-15')
INSERT INTO catcafe.dbo.Adoptions VALUES(10007,1007,190,2449,125,'2023-01-05')
INSERT INTO catcafe.dbo.Adoptions VALUES(10056,1008,140,4549,125,'2023-01-30')
INSERT INTO catcafe.dbo.Adoptions VALUES(10063,1009,210,5260,0,'2023-01-12')
INSERT INTO catcafe.dbo.Adoptions VALUES(10070,1010,140,9104,175,'2023-02-23')
INSERT INTO catcafe.dbo.Adoptions VALUES(10044,1011,210,5152,150,'2022-06-26')
INSERT INTO catcafe.dbo.Adoptions VALUES(10024,1012,140,7721,150,'2022-06-15')
INSERT INTO catcafe.dbo.Adoptions VALUES(10039,1013,210,4841,175,'2023-02-27')
INSERT INTO catcafe.dbo.Adoptions VALUES(10070,1014,210,7366,100,'2022-08-11')
INSERT INTO catcafe.dbo.Adoptions VALUES(10075,1015,210,7044,25,'2023-03-25')
INSERT INTO catcafe.dbo.Adoptions VALUES(10048,1016,190,2551,100,'2022-08-12')
INSERT INTO catcafe.dbo.Adoptions VALUES(10119,1017,210,9006,150,'2022-06-30')
INSERT INTO catcafe.dbo.Adoptions VALUES(10090,1018,210,5150,75,'2022-08-17')
INSERT INTO catcafe.dbo.Adoptions VALUES(10133,1019,140,8356,100,'2022-10-10')
INSERT INTO catcafe.dbo.Adoptions VALUES(10120,1020,140,5305,175,'2023-03-02')
INSERT INTO catcafe.dbo.Adoptions VALUES(10126,1021,210,920,175,'2023-01-15')
INSERT INTO catcafe.dbo.Adoptions VALUES(10154,1022,210,1862,0,'2023-03-03')
INSERT INTO catcafe.dbo.Adoptions VALUES(10161,1023,190,3513,125,'2023-04-02')
INSERT INTO catcafe.dbo.Adoptions VALUES(10168,1024,140,5725,100,'2023-01-27')
INSERT INTO catcafe.dbo.Adoptions VALUES(10125,1025,210,9166,25,'2022-08-07')
INSERT INTO catcafe.dbo.Adoptions VALUES(10104,1026,210,9489,175,'2022-06-27')
INSERT INTO catcafe.dbo.Adoptions VALUES(10081,1027,210,8874,125,'2023-03-03')
INSERT INTO catcafe.dbo.Adoptions VALUES(10112,1028,210,2996,0,'2022-11-21')
INSERT INTO catcafe.dbo.Adoptions VALUES(10029,1029,210,8025,175,'2022-09-17')
INSERT INTO catcafe.dbo.Adoptions VALUES(10060,1030,140,4791,25,'2022-08-15')
INSERT INTO catcafe.dbo.Adoptions VALUES(10124,1031,210,532,75,'2022-10-04')
INSERT INTO catcafe.dbo.Adoptions VALUES(10224,1032,210,1976,125,'2022-08-21')
INSERT INTO catcafe.dbo.Adoptions VALUES(10132,1033,140,9695,100,'2022-12-13')
INSERT INTO catcafe.dbo.Adoptions VALUES(10068,1034,140,3656,25,'2022-08-07')
INSERT INTO catcafe.dbo.Adoptions VALUES(10105,1035,210,2415,75,'2023-01-27')
INSERT INTO catcafe.dbo.Adoptions VALUES(10144,1036,140,6347,50,'2022-09-27')
INSERT INTO catcafe.dbo.Adoptions VALUES(10074,1037,140,893,25,'2023-02-13')
INSERT INTO catcafe.dbo.Adoptions VALUES(10152,1038,190,1565,175,'2022-12-31')
INSERT INTO catcafe.dbo.Adoptions VALUES(10117,1039,190,982,150,'2022-07-04')
INSERT INTO catcafe.dbo.Adoptions VALUES(10240,1040,190,2448,100,'2022-11-29')
INSERT INTO catcafe.dbo.Adoptions VALUES(10082,1041,210,9286,100,'2022-06-26')
INSERT INTO catcafe.dbo.Adoptions VALUES(10126,1042,140,4696,175,'2022-12-02')
INSERT INTO catcafe.dbo.Adoptions VALUES(10301,1043,210,3765,25,'2023-02-23')
INSERT INTO catcafe.dbo.Adoptions VALUES(10176,1044,140,6164,175,'2022-10-05')
INSERT INTO catcafe.dbo.Adoptions VALUES(10045,1045,210,8623,175,'2023-03-18')
INSERT INTO catcafe.dbo.Adoptions VALUES(10276,1046,190,8718,100,'2022-10-05')
INSERT INTO catcafe.dbo.Adoptions VALUES(10094,1047,190,4607,150,'2022-10-29')
INSERT INTO catcafe.dbo.Adoptions VALUES(10096,1048,210,8981,50,'2023-03-16')
INSERT INTO catcafe.dbo.Adoptions VALUES(10294,1049,140,4993,100,'2023-01-16')
INSERT INTO catcafe.dbo.Adoptions VALUES(10250,1050,140,8120,125,'2022-08-12')
INSERT INTO catcafe.dbo.Adoptions VALUES(10153,1051,210,5692,50,'2023-02-15')
INSERT INTO catcafe.dbo.Adoptions VALUES(10364,1052,190,7459,100,'2022-07-05')
INSERT INTO catcafe.dbo.Adoptions VALUES(10318,1053,210,7635,100,'2023-01-31')
INSERT INTO catcafe.dbo.Adoptions VALUES(10270,1054,140,5720,0,'2022-11-30')
INSERT INTO catcafe.dbo.Adoptions VALUES(10110,1055,190,1690,75,'2022-11-13')
INSERT INTO catcafe.dbo.Adoptions VALUES(10112,1056,190,4855,25,'2022-11-27')
INSERT INTO catcafe.dbo.Adoptions VALUES(10399,1057,140,4130,25,'2022-08-17')
INSERT INTO catcafe.dbo.Adoptions VALUES(10058,1058,210,7140,75,'2023-02-26')
INSERT INTO catcafe.dbo.Adoptions VALUES(10354,1059,140,5024,150,'2022-12-19')
INSERT INTO catcafe.dbo.Adoptions VALUES(10180,1060,210,5461,50,'2022-12-11')
INSERT INTO catcafe.dbo.Adoptions VALUES(10183,1061,140,6567,50,'2023-01-18')
INSERT INTO catcafe.dbo.Adoptions VALUES(10372,1062,210,6292,100,'2022-12-22')
INSERT INTO catcafe.dbo.Adoptions VALUES(10189,1063,210,7932,50,'2023-03-26')
INSERT INTO catcafe.dbo.Adoptions VALUES(10384,1064,140,8359,50,'2022-11-19')
INSERT INTO catcafe.dbo.Adoptions VALUES(10390,1065,140,2683,125,'2023-03-03')
INSERT INTO catcafe.dbo.Adoptions VALUES(10198,1066,190,9080,0,'2023-01-11')
INSERT INTO catcafe.dbo.Adoptions VALUES(10134,1067,190,8041,125,'2022-10-20')
INSERT INTO catcafe.dbo.Adoptions VALUES(10408,1068,140,7819,0,'2022-10-20')
INSERT INTO catcafe.dbo.Adoptions VALUES(10483,1069,210,3454,75,'2022-09-10')
INSERT INTO catcafe.dbo.Adoptions VALUES(10070,1070,140,5057,125,'2022-09-26')
INSERT INTO catcafe.dbo.Adoptions VALUES(10071,1071,190,2816,150,'2023-03-04')
INSERT INTO catcafe.dbo.Adoptions VALUES(10432,1072,190,7457,25,'2022-12-24')
INSERT INTO catcafe.dbo.Adoptions VALUES(10365,1073,190,5380,175,'2023-02-07')
INSERT INTO catcafe.dbo.Adoptions VALUES(10296,1074,190,5206,25,'2023-04-03')
INSERT INTO catcafe.dbo.Adoptions VALUES(10525,1075,140,4156,75,'2022-07-21')
INSERT INTO catcafe.dbo.Adoptions VALUES(10152,1076,190,380,50,'2022-12-31')
INSERT INTO catcafe.dbo.Adoptions VALUES(10462,1077,140,854,100,'2023-02-23')
INSERT INTO catcafe.dbo.Adoptions VALUES(10312,1078,210,8879,0,'2023-01-03')
INSERT INTO catcafe.dbo.Adoptions VALUES(10158,1079,210,1760,150,'2023-02-23')
INSERT INTO catcafe.dbo.Adoptions VALUES(10560,1080,140,6339,150,'2023-01-24')
INSERT INTO catcafe.dbo.Adoptions VALUES(10486,1081,190,7083,175,'2022-06-21')
INSERT INTO catcafe.dbo.Adoptions VALUES(10082,1082,210,5277,125,'2023-02-08')
INSERT INTO catcafe.dbo.Adoptions VALUES(10332,1083,210,9539,25,'2023-02-18')
INSERT INTO catcafe.dbo.Adoptions VALUES(10084,1084,190,4048,175,'2022-12-29')
INSERT INTO catcafe.dbo.Adoptions VALUES(10340,1085,190,1580,75,'2023-03-15')
INSERT INTO catcafe.dbo.Adoptions VALUES(10430,1086,190,7408,175,'2022-08-09')
INSERT INTO catcafe.dbo.Adoptions VALUES(10435,1087,190,4755,75,'2023-02-13')
INSERT INTO catcafe.dbo.Adoptions VALUES(10088,1088,140,7615,100,'2022-10-03')
INSERT INTO catcafe.dbo.Adoptions VALUES(10445,1089,190,3877,75,'2022-08-13')
INSERT INTO catcafe.dbo.Adoptions VALUES(10090,1090,190,3916,75,'2022-10-21')
INSERT INTO catcafe.dbo.Adoptions VALUES(10091,1091,190,3977,125,'2023-03-04')
INSERT INTO catcafe.dbo.Adoptions VALUES(10276,1092,140,9218,75,'2023-01-22')
INSERT INTO catcafe.dbo.Adoptions VALUES(10186,1093,140,9473,150,'2023-03-16')
INSERT INTO catcafe.dbo.Adoptions VALUES(10564,1094,190,5248,150,'2023-02-27')
INSERT INTO catcafe.dbo.Adoptions VALUES(10665,1095,210,4015,150,'2022-08-13')
INSERT INTO catcafe.dbo.Adoptions VALUES(10288,1096,140,4763,175,'2023-03-25')
INSERT INTO catcafe.dbo.Adoptions VALUES(10097,1097,140,768,175,'2023-03-29')
INSERT INTO catcafe.dbo.Adoptions VALUES(10392,1098,210,9551,75,'2022-06-28')
INSERT INTO catcafe.dbo.Adoptions VALUES(10594,1099,210,2639,75,'2023-01-05')
INSERT INTO catcafe.dbo.Adoptions VALUES(10200,1100,140,768,75,'2023-02-20')
INSERT INTO catcafe.dbo.Adoptions VALUES(10707,1101,210,425,175,'2022-09-19')
INSERT INTO catcafe.dbo.Adoptions VALUES(10102,1102,190,4284,25,'2022-09-03')
INSERT INTO catcafe.dbo.Adoptions VALUES(10206,1103,190,6613,25,'2022-08-10')
INSERT INTO catcafe.dbo.Adoptions VALUES(10728,1104,210,723,100,'2023-01-02')
INSERT INTO catcafe.dbo.Adoptions VALUES(10105,1105,210,5061,0,'2022-10-24')
INSERT INTO catcafe.dbo.Adoptions VALUES(10530,1106,140,6932,0,'2022-12-16')
INSERT INTO catcafe.dbo.Adoptions VALUES(10749,1107,190,1304,0,'2023-02-23')
INSERT INTO catcafe.dbo.Adoptions VALUES(10648,1108,140,5392,25,'2022-12-02')
INSERT INTO catcafe.dbo.Adoptions VALUES(10109,1109,190,4192,75,'2022-11-02')
INSERT INTO catcafe.dbo.Adoptions VALUES(10550,1110,210,245,50,'2023-01-02')
INSERT INTO catcafe.dbo.Adoptions VALUES(10444,1111,140,3425,75,'2022-11-30')
INSERT INTO catcafe.dbo.Adoptions VALUES(10336,1112,190,1439,125,'2022-08-09')
INSERT INTO catcafe.dbo.Adoptions VALUES(10678,1113,190,5525,50,'2022-09-04')
INSERT INTO catcafe.dbo.Adoptions VALUES(10570,1114,210,7681,150,'2022-09-12')
INSERT INTO catcafe.dbo.Adoptions VALUES(10805,1115,190,3595,100,'2023-04-03')
INSERT INTO catcafe.dbo.Adoptions VALUES(10348,1116,140,2251,75,'2023-03-03')
INSERT INTO catcafe.dbo.Adoptions VALUES(10702,1117,190,9875,125,'2023-04-03')
INSERT INTO catcafe.dbo.Adoptions VALUES(10826,1118,210,6799,25,'2023-01-11')
INSERT INTO catcafe.dbo.Adoptions VALUES(10238,1119,210,7194,100,'2022-12-19')
INSERT INTO catcafe.dbo.Adoptions VALUES(10360,1120,140,6016,150,'2023-01-15')
INSERT INTO catcafe.dbo.Adoptions VALUES(10726,1121,140,6398,0,'2022-11-25')
INSERT INTO catcafe.dbo.Adoptions VALUES(10366,1122,210,5268,150,'2022-11-01')
INSERT INTO catcafe.dbo.Adoptions VALUES(10123,1123,140,1881,75,'2022-09-04')
INSERT INTO catcafe.dbo.Adoptions VALUES(10248,1124,140,614,25,'2023-01-04')
INSERT INTO catcafe.dbo.Adoptions VALUES(10375,1125,210,7981,150,'2022-11-03')
INSERT INTO catcafe.dbo.Adoptions VALUES(10630,1126,210,2697,75,'2022-10-25')
INSERT INTO catcafe.dbo.Adoptions VALUES(10254,1127,190,1976,0,'2022-07-23')
INSERT INTO catcafe.dbo.Adoptions VALUES(10256,1128,210,4029,150,'2023-01-11')
INSERT INTO catcafe.dbo.Adoptions VALUES(10903,1129,210,9576,125,'2022-08-02')
INSERT INTO catcafe.dbo.Adoptions VALUES(10130,1130,210,997,50,'2022-12-20')
INSERT INTO catcafe.dbo.Adoptions VALUES(10655,1131,210,4080,25,'2023-03-21')
INSERT INTO catcafe.dbo.Adoptions VALUES(10660,1132,190,9173,75,'2023-02-03')
INSERT INTO catcafe.dbo.Adoptions VALUES(10532,1133,190,8136,100,'2022-12-30')
INSERT INTO catcafe.dbo.Adoptions VALUES(10938,1134,210,5259,25,'2022-11-19')
INSERT INTO catcafe.dbo.Adoptions VALUES(10810,1135,210,3628,175,'2022-09-27')
INSERT INTO catcafe.dbo.Adoptions VALUES(10952,1136,190,9048,100,'2023-03-25')
INSERT INTO catcafe.dbo.Adoptions VALUES(10274,1137,210,4631,150,'2022-10-13')
INSERT INTO catcafe.dbo.Adoptions VALUES(10276,1138,190,1089,150,'2022-10-27')
INSERT INTO catcafe.dbo.Adoptions VALUES(10695,1139,210,7531,175,'2022-08-05')
INSERT INTO catcafe.dbo.Adoptions VALUES(10280,1140,140,7883,0,'2022-09-08')
INSERT INTO catcafe.dbo.Adoptions VALUES(10282,1141,210,9775,50,'2022-09-08')
INSERT INTO catcafe.dbo.Adoptions VALUES(10852,1142,210,6870,50,'2023-01-12')
INSERT INTO catcafe.dbo.Adoptions VALUES(10858,1143,210,8106,0,'2022-08-02')
INSERT INTO catcafe.dbo.Adoptions VALUES(10144,1144,140,1463,150,'2023-03-20')
INSERT INTO catcafe.dbo.Adoptions VALUES(10145,1145,140,8917,125,'2023-01-05')
INSERT INTO catcafe.dbo.Adoptions VALUES(10876,1146,190,4732,100,'2023-03-01')
INSERT INTO catcafe.dbo.Adoptions VALUES(10882,1147,190,2793,125,'2022-07-26')
INSERT INTO catcafe.dbo.Adoptions VALUES(10296,1148,210,1867,25,'2023-03-04')
INSERT INTO catcafe.dbo.Adoptions VALUES(10745,1149,140,7831,125,'2022-11-23')

INSERT INTO catcafe.dbo.Ingredients VALUES('Coffee','236ml','2','0','0','0','20 bags','0')
INSERT INTO catcafe.dbo.Ingredients VALUES('Espresso','60ml','5','1','0','0','10 bags','0')
INSERT INTO catcafe.dbo.Ingredients VALUES('Macchiato','60ml','14','1','0','0','5 bags','0')
INSERT INTO catcafe.dbo.Ingredients VALUES('Soy Milk','100g','41','3','3','1.96','5 gal','1')
INSERT INTO catcafe.dbo.Ingredients VALUES('Oat Milik','100g','48','5','1','2.75','10 gal','1')
INSERT INTO catcafe.dbo.Ingredients VALUES('Almond Milk','100g','19','1','1','1.56','10 gal','1')
INSERT INTO catcafe.dbo.Ingredients VALUES('"Milk Vitamin D"','100g','61','5','3','3.2','3 gal','1')
INSERT INTO catcafe.dbo.Ingredients VALUES('"Milk 2%"','100g','50','5','3','1.9','3 gal','1')
INSERT INTO catcafe.dbo.Ingredients VALUES('"Milk 1%"','100g','43','5','3','0.95','3 gal','1')
INSERT INTO catcafe.dbo.Ingredients VALUES('"Milk Skim"','100g','34','5','3','0.08','5 gal','1')
INSERT INTO catcafe.dbo.Ingredients VALUES('Silk Creamer','1 tbsp','15','1','0','1','5 bottles','1')
INSERT INTO catcafe.dbo.Ingredients VALUES('Silk Hazelnut Creamer','1 tbsp','20','3','0','1','5 bottles','1')
INSERT INTO catcafe.dbo.Ingredients VALUES('Silk French Creamer','1 tbsp','20','3','0','1','5 bottles','1')
INSERT INTO catcafe.dbo.Ingredients VALUES('Caramel Syrup','40g','110','27','0','0','3 bottles','0')
INSERT INTO catcafe.dbo.Ingredients VALUES('Hazelnut Syrup','30ml','80','20','0','0','3 bottles','1')
INSERT INTO catcafe.dbo.Ingredients VALUES('Peppermint Syrup','30ml','90','23','0','0','3 bottles','0')
INSERT INTO catcafe.dbo.Ingredients VALUES('Irish Cream','12g','60','9','0','2.5','3 bottles','1')
INSERT INTO catcafe.dbo.Ingredients VALUES('Chocolate Syrup','34g','90','22','1','0','5 bottles','1')
INSERT INTO catcafe.dbo.Ingredients VALUES('Dark Chocolate Syrup','39g','100','25','1','0.5','5 bottles','1')
INSERT INTO catcafe.dbo.Ingredients VALUES('White Chocolate Syrup','30ml','100','24','1','0.5','5 bottles','1')
INSERT INTO catcafe.dbo.Ingredients VALUES('Bread Flour','30g','100','23','3','0','5 bags','1')
INSERT INTO catcafe.dbo.Ingredients VALUES('All Purpose Flour','100g','364','76','10','1','5 bags','1')
INSERT INTO catcafe.dbo.Ingredients VALUES('Eggs','1 egg','72','1','6','5','10 dozen','1')
INSERT INTO catcafe.dbo.Ingredients VALUES('Mozzarella Cheese','100g','296','4','24','20.4','10 lbs','1')
INSERT INTO catcafe.dbo.Ingredients VALUES('Cream Cheese','100g','343','5','6','33.5','3 tubs','1')
INSERT INTO catcafe.dbo.Ingredients VALUES('Cheddar Cheese','100g','409','2','23','34','10lbs','1')
INSERT INTO catcafe.dbo.Ingredients VALUES('Strawberry','100g','36','8','1','0.22','10lbs','1')
INSERT INTO catcafe.dbo.Ingredients VALUES('Blueberry','100g','64','15','1','0.31','10lbs','1')
INSERT INTO catcafe.dbo.Ingredients VALUES('Raspberry','100g','57','13','1','0.19','10lbs','1')
INSERT INTO catcafe.dbo.Ingredients VALUES('Blackberry','100g','43','10','1','0.49','10lbs','1')
INSERT INTO catcafe.dbo.Ingredients VALUES('Banana','100g','89','23','1','0.33','10lbs','1')
INSERT INTO catcafe.dbo.Ingredients VALUES('Ice','100g','0','0','0','0','40lbs','0')
INSERT INTO catcafe.dbo.Ingredients VALUES('Salt','100g','0','0','0','0','20lbs','0')
INSERT INTO catcafe.dbo.Ingredients VALUES('Butter','100g','717','0','1','81','20lbs','1')
INSERT INTO catcafe.dbo.Ingredients VALUES('White sugar','100g','401','100','0','0','40lbs','0')
INSERT INTO catcafe.dbo.Ingredients VALUES('Brown sugar','100g','380','98','0','0','40lbs','0')
INSERT INTO catcafe.dbo.Ingredients VALUES('Water','100g','0','0','0','0','On Tap','0')
INSERT INTO catcafe.dbo.Ingredients VALUES('Orange Juice','100g','47','10','1','0','5 bottles','1')
INSERT INTO catcafe.dbo.Ingredients VALUES('Apple Juice','100g','48','11','0','0','5 bottles','1')
INSERT INTO catcafe.dbo.Ingredients VALUES('Sausage','1 patty','114','0','7','10','10 packages','1')
INSERT INTO catcafe.dbo.Ingredients VALUES('Bacon','1 slice','32','0','3','2','10 packages','1')
INSERT INTO catcafe.dbo.Ingredients VALUES('Kale','1 cup','9','1','1','0','10 bundles','1')
INSERT INTO catcafe.dbo.Ingredients VALUES('Spinach','100g','28','3','3','1','10 bundles','1')

INSERT INTO catcafe.dbo.CafeMenu VALUES('Regular Coffee',2.50)
INSERT INTO catcafe.dbo.CafeMenu VALUES('Regular Espresso',3.00)
INSERT INTO catcafe.dbo.CafeMenu VALUES('Regular Macchiato',3.00)
INSERT INTO catcafe.dbo.CafeMenu VALUES('Hazelnut Soy Milk Latte',3.50)
INSERT INTO catcafe.dbo.CafeMenu VALUES('Peppermint Macchiato',3.50)
INSERT INTO catcafe.dbo.CafeMenu VALUES('Irish Cream Espresso',3.50)
INSERT INTO catcafe.dbo.CafeMenu VALUES('Caramel Almond Milk Steamer',3.50)
INSERT INTO catcafe.dbo.CafeMenu VALUES('Apple Juice',2.50)
INSERT INTO catcafe.dbo.CafeMenu VALUES('Orange Juice',2.50)
INSERT INTO catcafe.dbo.CafeMenu VALUES('Iced White Chocolate Frappucinno',3.50)
INSERT INTO catcafe.dbo.CafeMenu VALUES('Dark Chocolate Macchiato',3.50)
INSERT INTO catcafe.dbo.CafeMenu VALUES('Chocolate Hazelnut Iced Coffee',3.50)
INSERT INTO catcafe.dbo.CafeMenu VALUES('Parfait',5.00)
INSERT INTO catcafe.dbo.CafeMenu VALUES('Breakfast Smoothie',5.00)
INSERT INTO catcafe.dbo.CafeMenu VALUES('Sausage Kale Egg Scramble',6.00)
INSERT INTO catcafe.dbo.CafeMenu VALUES('Bacon Cheese Bagel Sandwhich',6.00)
INSERT INTO catcafe.dbo.CafeMenu VALUES('Cream Cheese and Strawberry Bagel',3.00)
INSERT INTO catcafe.dbo.CafeMenu VALUES('Whipped Brown Sugar Cream Fruit Dip',4.50)
INSERT INTO catcafe.dbo.CafeMenu VALUES('Candied Bacon',3.00)
INSERT INTO catcafe.dbo.CafeMenu VALUES('Spinach Salad',3.00)

INSERT INTO catcafe.dbo.RecipeIngredients VALUES('Regular Coffee', 'Coffee', '16oz')
INSERT INTO catcafe.dbo.RecipeIngredients VALUES('Regular Espresso', 'Espresso', '4oz')
INSERT INTO catcafe.dbo.RecipeIngredients VALUES('Regular Macchiato', 'Machiato', '4oz')
INSERT INTO catcafe.dbo.RecipeIngredients VALUES('Hazelnut Soy Milk Latte','(Coffee, Soy Milk, Hazelnut, Creamer, Hazelnut Syrup)', '16oz')
INSERT INTO catcafe.dbo.RecipeIngredients VALUES('Peppermint Macchiato','(Macchiatto, Pepper Syrup, Chocolate Syrup)', '16oz')
INSERT INTO catcafe.dbo.RecipeIngredients VALUES('Irish Cream Espresso','(Espresso, Silk Creamer, Irish Cream)')
INSERT INTO catcafe.dbo.RecipeIngredients VALUES('Caramel Almond Milk Steamer','(Almond Milk, Vanilla Syrup, Caramel Syrup)')
INSERT INTO catcafe.dbo.RecipeIngredients VALUES('Apple Juice', 'Apple Juice','16oz')
INSERT INTO catcafe.dbo.RecipeIngredients VALUES('Orange Juice', 'Orange Juice','16oz')
INSERT INTO catcafe.dbo.RecipeIngredients VALUES('Iced White Chocolate Frappucinno','(Coffee, White Chocolate Syrup, French Creamer, Ice)','16oz')
INSERT INTO catcafe.dbo.RecipeIngredients VALUES('Dark Chocolate Macchiato','(Macchiato, Dark Chocolate Syrup)','16oz')
INSERT INTO catcafe.dbo.RecipeIngredients VALUES('Chocolate Hazelnut Iced Coffee','(Coffee, Hazelnut, Chocolate Syrup, Whole Milk, Ice)','16oz')
INSERT INTO catcafe.dbo.RecipeIngredients VALUES('Parfait','(Strawberry, Blueberry, Raspberry, Blackberry, Granola, Vanilla Yogurt)')
INSERT INTO catcafe.dbo.RecipeIngredients VALUES('Breakfast Smoothie''(Banana, Raspberry, Strawberry, Ice, Yogurt)','16oz')
INSERT INTO catcafe.dbo.RecipeIngredients VALUES('Sausage Kale Egg Scramble','(Sausage, Kale, Egg, Cheddar Cheese, Salt)')
INSERT INTO catcafe.dbo.RecipeIngredients VALUES('Bacon Cheese Bagel Sandwhich','(Bagel, Bacon, Eggs, Cheddar Cheese, Butter)')
INSERT INTO catcafe.dbo.RecipeIngredients VALUES('Cream Cheese and Strawberry Bagel','(Bagel, Strawberry, Cream Cheese)')
INSERT INTO catcafe.dbo.RecipeIngredients VALUES('Whipped Brown Sugar Cream Fruit Dip','(Cream Cheese, Brown Sugar, Strawberries, Apples)')
INSERT INTO catcafe.dbo.RecipeIngredients VALUES('Candied Bacon','(Bacon, Brown Sugar, Sugar,)')
INSERT INTO catcafe.dbo.RecipeIngredients VALUES('Spinach Salad','(Spinach, Shredded Mozzerella Cheese, Eggs, Bacon, Balsamic Vinagrette)')

